ano,turno,uf,codigo_ue,nome_ue,cargo,numero,nome_urna,partido_numero,partido_sigla
2026,1,BR,BR,BRASIL,1,13,LULA,13,PT
2026,1,BR,BR,BRASIL,1,22,FLAVIO BOLSONARO,22,PL
2026,1,BR,BR,BRASIL,1,30,ZEMA,30,NOVO
2026,1,BR,BR,BRASIL,1,55,RONALDO CAIADO,55,PSD
2026,1,BR,BR,BRASIL,1,14,RENAN SANTOS,14,MISSÃO
2026,1,BR,BR,BRASIL,1,80,SAMARA,80,UP
2026,1,BR,BR,BRASIL,1,16,HERTZ DIAS,16,PSTU
2026,1,BR,BR,BRASIL,1,21,EDMILSON COSTA,21,PCB
2026,1,BR,BR,BRASIL,1,27,CLARIANA BARAO,27,DC
2026,1,BR,BR,BRASIL,1,28,LEONARDO AVALANCHE,28,PRTB
2026,1,BR,BR,BRASIL,1,29,RUI COSTA PIMENTA,29,PCO
2026,1,BR,BR,BRASIL,1,35,VETERINÁRIO WILSON GRASSI,35,DEMOCRATA
2026,1,BR,BR,BRASIL,1,70,ESCRITOR AUGUSTO CURY,70,AVANTE
2026,1,BR,BR,BRASIL,2,13,GERALDO ALCKMIN,40,PSB
2026,1,BR,BR,BRASIL,2,22,ALFREDO GASPAR,22,PL
2026,1,BR,BR,BRASIL,2,30,EDUARDO GIRÃO,30,NOVO
2026,1,BR,BR,BRASIL,2,55,GILBERTO KASSAB,55,PSD
2026,1,BR,BR,BRASIL,2,14,CORONEL MEDINA,14,MISSÃO
2026,1,BR,BR,BRASIL,2,80,RAQUEL BRÍCIO,80,UP
2026,1,BR,BR,BRASIL,2,16,VANESSA PORTUGAL,16,PSTU
2026,1,BR,BR,BRASIL,2,21,CLEUSA SANTOS,21,PCB
2026,1,BR,BR,BRASIL,2,27,FABIANA TORQUATO,27,DC
2026,1,BR,BR,BRASIL,2,28,LEONARDO AVALANCHE,28,PRTB
2026,1,BR,BR,BRASIL,2,29,ANTÔNIO CARLOS,29,PCO
2026,1,BR,BR,BRASIL,2,35,SUÊD HAIDAR,35,DEMOCRATA
2026,1,BR,BR,BRASIL,2,70,JÚLIO DELGADO,70,AVANTE
2026,1,RJ,RJ,RIO DE JANEIRO,3,10,GAROTINHO,10,REPUBLICANOS
2026,1,RJ,RJ,RIO DE JANEIRO,3,14,CORONEL BUSNELLO,14,MISSÃO
2026,1,RJ,RJ,RIO DE JANEIRO,3,16,CYRO GARCIA,16,PSTU
2026,1,RJ,RJ,RIO DE JANEIRO,3,22,DOUGLAS RUAS,22,PL
2026,1,RJ,RJ,RIO DE JANEIRO,3,29,LUAN MONTEIRO,29,PCO
2026,1,RJ,RJ,RIO DE JANEIRO,3,30,ANDRÉ MARINHO,30,NOVO
2026,1,RJ,RJ,RIO DE JANEIRO,3,50,WILLIAM SIRI,50,PSOL
2026,1,RJ,RJ,RIO DE JANEIRO,3,55,EDUARDO PAES,55,PSD
2026,1,RJ,RJ,RIO DE JANEIRO,3,80,JULIETE,80,UP
2026,1,RJ,RJ,RIO DE JANEIRO,5,100,MARCELO CRIVELLA,10,REPUBLICANOS
2026,1,RJ,RJ,RIO DE JANEIRO,5,131,BENEDITA DA SILVA,13,PT
2026,1,RJ,RJ,RIO DE JANEIRO,5,221,CARLOS JORDY,22,PL
2026,1,RJ,RJ,RIO DE JANEIRO,5,222,CARLOS PORTINHO,22,PL
2026,1,RJ,RJ,RIO DE JANEIRO,5,500,MONICA BENICIO,50,PSOL
2026,1,RJ,RJ,RIO DE JANEIRO,5,555,PEDRO PAULO,55,PSD
2026,1,RJ,RJ,RIO DE JANEIRO,5,800,MICHELLY XAVIER,80,UP
2026,1,RJ,RJ,RIO DE JANEIRO,5,808,VINICIUS BENEVIDES,80,UP
2026,1,RJ,RJ,RIO DE JANEIRO,6,1000,PASTOR ALEX GONÇALVES,10,REPUBLICANOS
2026,1,RJ,RJ,RIO DE JANEIRO,6,1010,LUIS CARLOS GOMES,10,REPUBLICANOS
2026,1,RJ,RJ,RIO DE JANEIRO,6,1011,ALEX BRAZ,10,REPUBLICANOS
2026,1,RJ,RJ,RIO DE JANEIRO,6,1022,CELITA TOLEDO,10,REPUBLICANOS
2026,1,RJ,RJ,RIO DE JANEIRO,6,1045,DANIELA DO WAGUINHO,10,REPUBLICANOS
2026,1,RJ,RJ,RIO DE JANEIRO,6,1111,JULIO LOPES,11,PP
2026,1,RJ,RJ,RIO DE JANEIRO,6,1122,DELEGADO FELIPE CURI,11,PP
2026,1,RJ,RJ,RIO DE JANEIRO,6,1177,DR. LUIZINHO,11,PP
2026,1,RJ,RJ,RIO DE JANEIRO,6,1200,VITOR JUNIOR,12,PDT
2026,1,RJ,RJ,RIO DE JANEIRO,6,1212,MARCOS TAVARES,12,PDT
2026,1,RJ,RJ,RIO DE JANEIRO,6,1234,AXEL GRAEL,12,PDT
2026,1,RJ,RJ,RIO DE JANEIRO,6,1240,DELEGADA MARTHA ROCHA,12,PDT
2026,1,RJ,RJ,RIO DE JANEIRO,6,1300,LINDBERGH,13,PT
2026,1,RJ,RJ,RIO DE JANEIRO,6,1301,DIMAS GADELHA,13,PT
2026,1,RJ,RJ,RIO DE JANEIRO,6,1303,FABIANO HORTA,13,PT
2026,1,RJ,RJ,RIO DE JANEIRO,6,1313,DIEGO QUAQUA,13,PT
2026,1,RJ,RJ,RIO DE JANEIRO,6,1330,ANIELLE FRANCO,13,PT
2026,1,RJ,RJ,RIO DE JANEIRO,6,1331,FREIXO,13,PT
2026,1,RJ,RJ,RIO DE JANEIRO,6,1333,REIMONT,13,PT
2026,1,RJ,RJ,RIO DE JANEIRO,6,1400,MICHEL KOURI,14,MISSÃO
2026,1,RJ,RJ,RIO DE JANEIRO,6,1415,MARCIO LABRE,14,MISSÃO
2026,1,RJ,RJ,RIO DE JANEIRO,6,1515,LUCIANO GUERREIRO,15,MDB
2026,1,RJ,RJ,RIO DE JANEIRO,6,1516,GUTEMBERG REIS,15,MDB
2026,1,RJ,RJ,RIO DE JANEIRO,6,1550,FERNANDO JORDÃO,15,MDB
2026,1,RJ,RJ,RIO DE JANEIRO,6,1818,HELOÍSA HELENA,18,REDE
2026,1,RJ,RJ,RIO DE JANEIRO,6,2000,SARGENTO PORTUGAL,20,PODE
2026,1,RJ,RJ,RIO DE JANEIRO,6,2020,FILIPE PEREIRA,20,PODE
2026,1,RJ,RJ,RIO DE JANEIRO,6,2200,MANOELA PERES,22,PL
2026,1,RJ,RJ,RIO DE JANEIRO,6,2211,DIOGO BALIEIRO DINIZ,22,PL
2026,1,RJ,RJ,RIO DE JANEIRO,6,2212,GENERAL PAZUELLO,22,PL
2026,1,RJ,RJ,RIO DE JANEIRO,6,2214,CHRIS TONIETTO,22,PL
2026,1,RJ,RJ,RIO DE JANEIRO,6,2220,JEAN BOLSONARO,22,PL
2026,1,RJ,RJ,RIO DE JANEIRO,6,2222,SORAYA SANTOS,22,PL
2026,1,RJ,RJ,RIO DE JANEIRO,6,2227,THIAGO GAGLIASSO,22,PL
2026,1,RJ,RJ,RIO DE JANEIRO,6,2233,DANI CUNHA,22,PL
2026,1,RJ,RJ,RIO DE JANEIRO,6,2269,ALTINEU CORTES,22,PL
2026,1,RJ,RJ,RIO DE JANEIRO,6,2277,SÓSTENES CAVALCANTE,22,PL
2026,1,RJ,RJ,RIO DE JANEIRO,6,2299,DOUGLAS GOMES,22,PL
2026,1,RJ,RJ,RIO DE JANEIRO,6,3000,DELEGADO FELÍCIO LATERÇA,30,NOVO
2026,1,RJ,RJ,RIO DE JANEIRO,6,3001,CAROL SPONZA,30,NOVO
2026,1,RJ,RJ,RIO DE JANEIRO,6,3030,LUIZ LIMA,30,NOVO
2026,1,RJ,RJ,RIO DE JANEIRO,6,3060,DIEGO VAZ,30,NOVO
2026,1,RJ,RJ,RIO DE JANEIRO,6,4040,CHICO RUBENS PAIVA,40,PSB
2026,1,RJ,RJ,RIO DE JANEIRO,6,4333,BANDEIRA DE MELLO,43,PV
2026,1,RJ,RJ,RIO DE JANEIRO,6,4400,BERNARDO ROSSI,44,UNIÃO
2026,1,RJ,RJ,RIO DE JANEIRO,6,4415,VINICIUS FARAH,44,UNIÃO
2026,1,RJ,RJ,RIO DE JANEIRO,6,4444,RUEDA,44,UNIÃO
2026,1,RJ,RJ,RIO DE JANEIRO,6,4500,MARCELO QUEIROZ,45,PSDB
2026,1,RJ,RJ,RIO DE JANEIRO,6,4545,LUCIANO VIEIRA,45,PSDB
2026,1,RJ,RJ,RIO DE JANEIRO,6,5000,TARCÍSIO MOTTA,50,PSOL
2026,1,RJ,RJ,RIO DE JANEIRO,6,5001,PASTOR HENRIQUE VIEIRA,50,PSOL
2026,1,RJ,RJ,RIO DE JANEIRO,6,5044,RICK AZEVEDO,50,PSOL
2026,1,RJ,RJ,RIO DE JANEIRO,6,5050,CHICO ALENCAR,50,PSOL
2026,1,RJ,RJ,RIO DE JANEIRO,6,5077,TALÍRIA PETRONE,50,PSOL
2026,1,RJ,RJ,RIO DE JANEIRO,6,5080,GLAUBER BRAGA,50,PSOL
2026,1,RJ,RJ,RIO DE JANEIRO,6,5510,HUGO LEAL,55,PSD
2026,1,RJ,RJ,RIO DE JANEIRO,6,5521,RENAN FERREIRINHA,55,PSD
2026,1,RJ,RJ,RIO DE JANEIRO,6,5550,OTONI DE PAULA,55,PSD
2026,1,RJ,RJ,RIO DE JANEIRO,6,5566,LAURA CARNEIRO,55,PSD
2026,1,RJ,RJ,RIO DE JANEIRO,6,5588,DANIEL SORANZ,55,PSD
2026,1,RJ,RJ,RIO DE JANEIRO,6,6565,JANDIRA FEGHALI,65,PCDOB
2026,1,RJ,RJ,RIO DE JANEIRO,6,7070,VENISSIUS,70,AVANTE
2026,1,RJ,RJ,RIO DE JANEIRO,6,7711,JONES MOURA,77,SOLIDARIEDADE
2026,1,RJ,RJ,RIO DE JANEIRO,6,7733,AUREO RIBEIRO,77,SOLIDARIEDADE
2026,1,RJ,RJ,RIO DE JANEIRO,7,10123,TIA JU,10,REPUBLICANOS
2026,1,RJ,RJ,RIO DE JANEIRO,7,12345,LEO LUPI,12,PDT
2026,1,RJ,RJ,RIO DE JANEIRO,7,12543,ZITO,12,PDT
2026,1,RJ,RJ,RIO DE JANEIRO,7,13021,ELIKA TAKIMOTO,13,PT
2026,1,RJ,RJ,RIO DE JANEIRO,7,13567,ANDRÉ CECILIANO,13,PT
2026,1,RJ,RJ,RIO DE JANEIRO,7,13580,VERÔNICA LIMA,13,PT
2026,1,RJ,RJ,RIO DE JANEIRO,7,13713,MARINA DO MST,13,PT
2026,1,RJ,RJ,RIO DE JANEIRO,7,15000,GIOVANI RATINHO,15,MDB
2026,1,RJ,RJ,RIO DE JANEIRO,7,15016,ROSENVERG REIS,15,MDB
2026,1,RJ,RJ,RIO DE JANEIRO,7,15111,CHARLES COZZOLINO,15,MDB
2026,1,RJ,RJ,RIO DE JANEIRO,7,15555,DELEGADO MARCUS VINICIUS,15,MDB
2026,1,RJ,RJ,RIO DE JANEIRO,7,18000,ELIOMAR COELHO,18,REDE
2026,1,RJ,RJ,RIO DE JANEIRO,7,22000,DR. PEDRO RICARDO,22,PL
2026,1,RJ,RJ,RIO DE JANEIRO,7,22111,RENAN JORDY,22,PL
2026,1,RJ,RJ,RIO DE JANEIRO,7,22120,ANDERSON MORAES,22,PL
2026,1,RJ,RJ,RIO DE JANEIRO,7,22222,GUILHERME DELAROLI,22,PL
2026,1,RJ,RJ,RIO DE JANEIRO,7,22322,ÍNDIA ARMELAU,22,PL
2026,1,RJ,RJ,RIO DE JANEIRO,7,22333,RODRIGO MEDEIROS,22,PL
2026,1,RJ,RJ,RIO DE JANEIRO,7,22345,RENATO MIRANDA,22,PL
2026,1,RJ,RJ,RIO DE JANEIRO,7,22615,VALDECY DA SAÚDE,22,PL
2026,1,RJ,RJ,RIO DE JANEIRO,7,22622,POUBEL FILHO,22,PL
2026,1,RJ,RJ,RIO DE JANEIRO,7,22800,JORGE FELIPPE NETO,22,PL
2026,1,RJ,RJ,RIO DE JANEIRO,7,30007,ALEXANDRE FREITAS,30,NOVO
2026,1,RJ,RJ,RIO DE JANEIRO,7,40000,CARLOS MINC,40,PSB
2026,1,RJ,RJ,RIO DE JANEIRO,7,40100,JARI,40,PSB
2026,1,RJ,RJ,RIO DE JANEIRO,7,44444,MÁRCIO CANELLA,44,UNIÃO
2026,1,RJ,RJ,RIO DE JANEIRO,7,44888,BRUNO DAUAIRE,44,UNIÃO
2026,1,RJ,RJ,RIO DE JANEIRO,7,50007,RENATA SOUZA,50,PSOL
2026,1,RJ,RJ,RIO DE JANEIRO,7,50050,DANI MONTEIRO,50,PSOL
2026,1,RJ,RJ,RIO DE JANEIRO,7,50123,FLAVIO SERAFINI,50,PSOL
2026,1,RJ,RJ,RIO DE JANEIRO,7,50180,LUCIANA BOITEUX,50,PSOL
2026,1,RJ,RJ,RIO DE JANEIRO,7,50500,PROF. JOSEMAR,50,PSOL
2026,1,RJ,RJ,RIO DE JANEIRO,7,50700,YURI MOURA,50,PSOL
2026,1,RJ,RJ,RIO DE JANEIRO,7,55000,SÉRGIO FERNANDES,55,PSD
2026,1,RJ,RJ,RIO DE JANEIRO,7,55055,ÁTILA NUNES,55,PSD
2026,1,RJ,RJ,RIO DE JANEIRO,7,55088,CARLA MACHADO,55,PSD
2026,1,RJ,RJ,RIO DE JANEIRO,7,55123,VINÍCIUS COZZOLINO,55,PSD
2026,1,RJ,RJ,RIO DE JANEIRO,7,55321,ANDRÉ CORREA,55,PSD
2026,1,RJ,RJ,RIO DE JANEIRO,7,55456,WAGNER MONTES,55,PSD
2026,1,RJ,RJ,RIO DE JANEIRO,7,55555,GUILHERME SCHLEDER,55,PSD
2026,1,RJ,RJ,RIO DE JANEIRO,7,55678,LUIZ PAULO,55,PSD
2026,1,RJ,RJ,RIO DE JANEIRO,7,65123,DANI BALBI,65,PCDOB
2026,1,RJ,RJ,RIO DE JANEIRO,7,70000,IRANILDO CAMPOS,70,AVANTE
2026,1,RJ,RJ,RIO DE JANEIRO,7,77777,MUNIR NETO,77,SOLIDARIEDADE
2026,1,SP,SP,SÃO PAULO,3,10,TARCÍSIO,10,REPUBLICANOS
2026,1,SP,SP,SÃO PAULO,3,13,FERNANDO HADDAD,13,PT
2026,1,SP,SP,SÃO PAULO,5,222,ANDRÉ DO PRADO,22,PL
2026,1,SP,SP,SÃO PAULO,5,300,SALLES,30,NOVO
2026,1,SP,SP,SÃO PAULO,5,400,SIMONE TEBET,40,PSB
2026,1,SP,SP,SÃO PAULO,6,1000,CELSO RUSSOMANNO,10,REPUBLICANOS
2026,1,SP,SP,SÃO PAULO,6,1010,MARCOS PEREIRA,10,REPUBLICANOS
2026,1,SP,SP,SÃO PAULO,6,1022,MARIA ROSAS,10,REPUBLICANOS
2026,1,SP,SP,SÃO PAULO,6,1111,MAURICIO NEVES,11,PP
2026,1,SP,SP,SÃO PAULO,6,1313,RUI FALCÃO,13,PT
2026,1,SP,SP,SÃO PAULO,6,1316,EDINHO SILVA,13,PT
2026,1,SP,SP,SÃO PAULO,6,1333,JULIANA CARDOSO,13,PT
2026,1,SP,SP,SÃO PAULO,6,1370,CARLOS ZARATTINI,13,PT
2026,1,SP,SP,SÃO PAULO,6,1390,VICENTINHO,13,PT
2026,1,SP,SP,SÃO PAULO,6,1414,KIM KATAGUIRI,14,MISSÃO
2026,1,SP,SP,SÃO PAULO,6,1515,BALEIA ROSSI,15,MDB
2026,1,SP,SP,SÃO PAULO,6,1555,ORLANDO MORANDO,15,MDB
2026,1,SP,SP,SÃO PAULO,6,2010,BRUNO GANEM,20,PODE
2026,1,SP,SP,SÃO PAULO,6,2020,RENATA ABREU,20,PODE
2026,1,SP,SP,SÃO PAULO,6,2200,CAPITÃO AUGUSTO,22,PL
2026,1,SP,SP,SÃO PAULO,6,2211,LUCAS PAVANATO,22,PL
2026,1,SP,SP,SÃO PAULO,6,2220,GIL DINIZ,22,PL
2026,1,SP,SP,SÃO PAULO,6,2222,RENATO BOLSONARO,22,PL
2026,1,SP,SP,SÃO PAULO,6,2223,CEZINHA DE MADUREIRA,22,PL
2026,1,SP,SP,SÃO PAULO,6,2227,ROSANA VALLE,22,PL
2026,1,SP,SP,SÃO PAULO,6,2244,MOTTA,22,PL
2026,1,SP,SP,SÃO PAULO,6,2247,DELEGADO PAULO BILYNSKYJ,22,PL
2026,1,SP,SP,SÃO PAULO,6,2270,PASTOR MARCO FELICIANO,22,PL
2026,1,SP,SP,SÃO PAULO,6,2277,MIGUEL LOMBARDI,22,PL
2026,1,SP,SP,SÃO PAULO,6,2288,MAJOR MECCA,22,PL
2026,1,SP,SP,SÃO PAULO,6,2299,MARCIO ALVINO,22,PL
2026,1,SP,SP,SÃO PAULO,6,2323,ALEX MANENTE,23,CIDADANIA
2026,1,SP,SP,SÃO PAULO,6,3000,ALEXIS FONTEYNE,30,NOVO
2026,1,SP,SP,SÃO PAULO,6,3007,MARINA HELENA,30,NOVO
2026,1,SP,SP,SÃO PAULO,6,3030,ADRIANA VENTURA,30,NOVO
2026,1,SP,SP,SÃO PAULO,6,4040,TABATA AMARAL,40,PSB
2026,1,SP,SP,SÃO PAULO,6,4000,JONAS DONIZETTE,40,PSB
2026,1,SP,SP,SÃO PAULO,6,4545,PAULO SERRA,45,PSDB
2026,1,SP,SP,SÃO PAULO,6,5000,SÂMIA BOMFIM,50,PSOL
2026,1,SP,SP,SÃO PAULO,6,5070,ERIKA HILTON,50,PSOL
2026,1,SP,SP,SÃO PAULO,6,5088,SÔNIA GUAJAJARA,50,PSOL
2026,1,SP,SP,SÃO PAULO,6,5500,IGOR SOARES,55,PSD
2026,1,SP,SP,SÃO PAULO,6,5522,GUTI,55,PSD
2026,1,SP,SP,SÃO PAULO,6,5533,PAULO ALEXANDRE BARBOSA,55,PSD
2026,1,SP,SP,SÃO PAULO,6,5585,CARLOS SAMPAIO,55,PSD
2026,1,SP,SP,SÃO PAULO,6,6565,ORLANDO SILVA,65,PCDOB
2026,1,SP,SP,SÃO PAULO,7,10000,JORGE WILSON XERIFE CONSUMIDOR,10,REPUBLICANOS
2026,1,SP,SP,SÃO PAULO,7,10010,BRUNA FURLAN,10,REPUBLICANOS
2026,1,SP,SP,SÃO PAULO,7,10123,GILMACI SANTOS,10,REPUBLICANOS
2026,1,SP,SP,SÃO PAULO,7,10222,DANILO CAMPETTI,10,REPUBLICANOS
2026,1,SP,SP,SÃO PAULO,7,10456,EDNA MACEDO,10,REPUBLICANOS
2026,1,SP,SP,SÃO PAULO,7,11111,DANILO JOAN,11,PP
2026,1,SP,SP,SÃO PAULO,7,11777,DELEGADO OLIM,11,PP
2026,1,SP,SP,SÃO PAULO,7,11911,TELHADINHA - CAPITÃO TELHADA,11,PP
2026,1,SP,SP,SÃO PAULO,7,13110,BARBA,13,PT
2026,1,SP,SP,SÃO PAULO,7,13114,ENIO TATTO,13,PT
2026,1,SP,SP,SÃO PAULO,7,13121,ANA PERUGINI,13,PT
2026,1,SP,SP,SÃO PAULO,7,13123,PROFESSORA BEBEL,13,PT
2026,1,SP,SP,SÃO PAULO,7,13131,EMÍDIO,13,PT
2026,1,SP,SP,SÃO PAULO,7,13133,EDUARDO SUPLICY,13,PT
2026,1,SP,SP,SÃO PAULO,7,13134,LUIZ FERNANDO,13,PT
2026,1,SP,SP,SÃO PAULO,7,13180,DUDA HIDALGO,13,PT
2026,1,SP,SP,SÃO PAULO,7,13555,SIMÃO PEDRO,13,PT
2026,1,SP,SP,SÃO PAULO,7,13700,DONATO,13,PT
2026,1,SP,SP,SÃO PAULO,7,14000,RENATO BATTISTA,14,MISSÃO
2026,1,SP,SP,SÃO PAULO,7,14777,GUTO ZACARIAS,14,MISSÃO
2026,1,SP,SP,SÃO PAULO,7,15150,DR. EDUARDO NOBREGA,15,MDB
2026,1,SP,SP,SÃO PAULO,7,15300,ITAMAR BORGES,15,MDB
2026,1,SP,SP,SÃO PAULO,7,20100,RICARDO FRANÇA,20,PODE
2026,1,SP,SP,SÃO PAULO,7,20123,FABIANA CAMARINHA,20,PODE
2026,1,SP,SP,SÃO PAULO,7,20200,ROGERIO LINS,20,PODE
2026,1,SP,SP,SÃO PAULO,7,22000,RODRIGO ASHIUCHI,22,PL
2026,1,SP,SP,SÃO PAULO,7,22007,DANILO BALAS,22,PL
2026,1,SP,SP,SÃO PAULO,7,22123,RICARDO MADALENA,22,PL
2026,1,SP,SP,SÃO PAULO,7,22322,DANI ALONSO,22,PL
2026,1,SP,SP,SÃO PAULO,7,22343,THIAGO AURICCHIO,22,PL
2026,1,SP,SP,SÃO PAULO,7,22444,TENENTE COIMBRA,22,PL
2026,1,SP,SP,SÃO PAULO,7,22500,LUCAS BOVE,22,PL
2026,1,SP,SP,SÃO PAULO,7,22522,LETICIA AGUIAR,22,PL
2026,1,SP,SP,SÃO PAULO,7,22777,ALEX MADUREIRA,22,PL
2026,1,SP,SP,SÃO PAULO,7,22888,DELEGADA GRACIELA,22,PL
2026,1,SP,SP,SÃO PAULO,7,22922,VALERIA BOLSONARO,22,PL
2026,1,SP,SP,SÃO PAULO,7,30007,CARLO CAUTI,30,NOVO
2026,1,SP,SP,SÃO PAULO,7,40000,ABIDAN HENRIQUE,40,PSB
2026,1,SP,SP,SÃO PAULO,7,40004,ANDREA WERNER,40,PSB
2026,1,SP,SP,SÃO PAULO,7,40640,CAIO FRANÇA,40,PSB
2026,1,SP,SP,SÃO PAULO,7,44000,RAFA ZIMBALDI,44,UNIÃO
2026,1,SP,SP,SÃO PAULO,7,44007,FELIPE FRANCO,44,UNIÃO
2026,1,SP,SP,SÃO PAULO,7,44044,SOLANGE FREITAS,44,UNIÃO
2026,1,SP,SP,SÃO PAULO,7,44077,RAFAEL SARAIVA,44,UNIÃO
2026,1,SP,SP,SÃO PAULO,7,44123,CAMILA GODOI,44,UNIÃO
2026,1,SP,SP,SÃO PAULO,7,45045,ANA CAROLINA SERRA,45,PSDB
2026,1,SP,SP,SÃO PAULO,7,45777,DRA. DAMARIS MOURA,45,PSDB
2026,1,SP,SP,SÃO PAULO,7,50000,PAULA DA BANCADA FEMINISTA,50,PSOL
2026,1,SP,SP,SÃO PAULO,7,50110,EDIANE MARIA,50,PSOL
2026,1,SP,SP,SÃO PAULO,7,50555,LUIZA ERUNDINA,50,PSOL
2026,1,SP,SP,SÃO PAULO,7,50789,CARLOS GIANNAZI,50,PSOL
2026,1,SP,SP,SÃO PAULO,7,55010,MARIA LÚCIA AMARY,55,PSD
2026,1,SP,SP,SÃO PAULO,7,55125,MAURO BRAGATO,55,PSD
2026,1,SP,SP,SÃO PAULO,7,55155,CARLA MORANDO,55,PSD
2026,1,SP,SP,SÃO PAULO,7,55177,MARA GABRILLI,55,PSD
2026,1,SP,SP,SÃO PAULO,7,55455,ANALICE FERNANDES,55,PSD
2026,1,SP,SP,SÃO PAULO,7,55456,DIRCEU DALBEN,55,PSD
2026,1,SP,SP,SÃO PAULO,7,55555,ROGERIO NOGUEIRA,55,PSD
2026,1,SP,SP,SÃO PAULO,7,55678,MÁRCIO NAKASHIMA,55,PSD
2026,1,SP,SP,SÃO PAULO,7,55855,BARROS MUNHOZ,55,PSD
2026,1,SP,SP,SÃO PAULO,7,65035,LECI BRANDÃO,65,PCDOB
2026,1,MG,MG,MINAS GERAIS,3,10,CLEITINHO AZEVEDO,10,REPUBLICANOS
2026,1,MG,MG,MINAS GERAIS,3,12,ALEXANDRE KALIL,12,PDT
2026,1,MG,MG,MINAS GERAIS,3,13,PATRUS ANANIAS,13,PT
2026,1,MG,MG,MINAS GERAIS,3,22,FLÁVIO ROSCOE,22,PL
2026,1,MG,MG,MINAS GERAIS,3,55,MATEUS SIMÕES,55,PSD
2026,1,MG,MG,MINAS GERAIS,6,1000,GLEIDSON AZEVEDO,10,REPUBLICANOS
2026,1,MG,MG,MINAS GERAIS,6,1111,DIMAS FABIANO,11,PP
2026,1,MG,MG,MINAS GERAIS,6,1122,PINHEIRINHO,11,PP
2026,1,MG,MG,MINAS GERAIS,6,1193,PEDRO AIHARA,11,PP
2026,1,MG,MG,MINAS GERAIS,6,1234,MÁRIO HERINGER,12,PDT
2026,1,MG,MG,MINAS GERAIS,6,1312,REGINALDO LOPES,13,PT
2026,1,MG,MG,MINAS GERAIS,6,1313,ROGÉRIO CORREIA,13,PT
2026,1,MG,MG,MINAS GERAIS,6,1314,ANA PIMENTEL,13,PT
2026,1,MG,MG,MINAS GERAIS,6,1334,DANDARA,13,PT
2026,1,MG,MG,MINAS GERAIS,6,1339,MIGUEL ÂNGELO,13,PT
2026,1,MG,MG,MINAS GERAIS,6,1350,GILMAR MACHADO,13,PT
2026,1,MG,MG,MINAS GERAIS,6,1378,PAULO GUEDES,13,PT
2026,1,MG,MG,MINAS GERAIS,6,1510,NEWTON CARDOSO JR,15,MDB
2026,1,MG,MG,MINAS GERAIS,6,1813,ANDRÉ JANONES,18,REDE
2026,1,MG,MG,MINAS GERAIS,6,2020,NELY AQUINO,20,PODE
2026,1,MG,MG,MINAS GERAIS,6,2030,FRANCO CARTAFINA,20,PODE
2026,1,MG,MG,MINAS GERAIS,6,2200,ZÉ VITOR,22,PL
2026,1,MG,MG,MINAS GERAIS,6,2210,MAURÍCIO DO VÔLEI,22,PL
2026,1,MG,MG,MINAS GERAIS,6,2222,NIKOLAS FERREIRA,22,PL
2026,1,MG,MG,MINAS GERAIS,6,2233,LINCOLN PORTELA,22,PL
2026,1,MG,MG,MINAS GERAIS,6,2240,EMIDINHO MADEIRA,22,PL
2026,1,MG,MG,MINAS GERAIS,6,2244,MARCELO ÁLVARO ANTÔNIO,22,PL
2026,1,MG,MG,MINAS GERAIS,6,2250,LAFAYETTE ANDRADA,22,PL
2026,1,MG,MG,MINAS GERAIS,6,2270,GREYCE ELIAS,22,PL
2026,1,MG,MG,MINAS GERAIS,6,2277,EROS BIONDINI,22,PL
2026,1,MG,MG,MINAS GERAIS,6,2299,JUNIO AMARAL,22,PL
2026,1,MG,MG,MINAS GERAIS,6,2533,FRED COSTA,25,PRD
2026,1,MG,MG,MINAS GERAIS,6,3001,MARCO ANTÔNIO SUPERMAN,30,NOVO
2026,1,MG,MG,MINAS GERAIS,6,4000,RENATO ANDRADE,40,PSB
2026,1,MG,MG,MINAS GERAIS,6,4444,DELEGADO MARCELO FREITAS,44,UNIÃO
2026,1,MG,MG,MINAS GERAIS,6,4445,RAFAEL SIMÕES,44,UNIÃO
2026,1,MG,MG,MINAS GERAIS,6,4450,RODRIGO DE CASTRO,44,UNIÃO
2026,1,MG,MG,MINAS GERAIS,6,4477,ZÉ SILVA,44,UNIÃO
2026,1,MG,MG,MINAS GERAIS,6,4545,PAULO ABI-ACKEL,45,PSDB
2026,1,MG,MG,MINAS GERAIS,6,5050,DUDA SALABERT,50,PSOL
2026,1,MG,MG,MINAS GERAIS,6,5088,CÉLIA XAKRIABÁ,50,PSOL
2026,1,MG,MG,MINAS GERAIS,6,5510,WELITON PRADO,55,PSD
2026,1,MG,MG,MINAS GERAIS,6,5544,STEFANO AGUIAR,55,PSD
2026,1,MG,MG,MINAS GERAIS,6,5555,DIEGO ANDRADE,55,PSD
2026,1,MG,MG,MINAS GERAIS,6,5588,CASSIO SOARES,55,PSD
2026,1,MG,MG,MINAS GERAIS,6,7070,LUIS TIBÉ,70,AVANTE
2026,1,MG,MG,MINAS GERAIS,7,10800,MAURO TRAMONTE,10,REPUBLICANOS
2026,1,MG,MG,MINAS GERAIS,7,12345,BRUNO MIRANDA,12,PDT
2026,1,MG,MG,MINAS GERAIS,7,13100,DR. JEAN FREIRE,13,PT
2026,1,MG,MG,MINAS GERAIS,7,13120,CRISTIANO SILVEIRA,13,PT
2026,1,MG,MG,MINAS GERAIS,7,13123,BEATRIZ CERQUEIRA,13,PT
2026,1,MG,MG,MINAS GERAIS,7,13130,MACAÉ EVARISTO,13,PT
2026,1,MG,MG,MINAS GERAIS,7,13444,ANA PAULA SIQUEIRA,13,PT
2026,1,MG,MG,MINAS GERAIS,7,13456,LENINHA,13,PT
2026,1,MG,MG,MINAS GERAIS,7,13555,ANDRÉ QUINTÃO,13,PT
2026,1,MG,MG,MINAS GERAIS,7,13613,BETÃO,13,PT
2026,1,MG,MG,MINAS GERAIS,7,15111,ARLEN SANTIAGO,15,MDB
2026,1,MG,MG,MINAS GERAIS,7,20456,ZÉ REIS,20,PODE
2026,1,MG,MG,MINAS GERAIS,7,22122,SARGENTO RODRIGUES,22,PL
2026,1,MG,MG,MINAS GERAIS,7,22211,VITTORIO MEDIOLI,22,PL
2026,1,MG,MG,MINAS GERAIS,7,22222,BRUNO ENGLER,22,PL
2026,1,MG,MG,MINAS GERAIS,7,22333,ALÊ PORTELA,22,PL
2026,1,MG,MG,MINAS GERAIS,7,22500,CORONEL HENRIQUE,22,PL
2026,1,MG,MG,MINAS GERAIS,7,22777,CHIARA BIONDINI,22,PL
2026,1,MG,MG,MINAS GERAIS,7,22800,GUSTAVO SANTANA,22,PL
2026,1,MG,MG,MINAS GERAIS,7,30400,MARCELA TRÓPIA,30,NOVO
2026,1,MG,MG,MINAS GERAIS,7,40123,NORALDINO JUNIOR,40,PSB
2026,1,MG,MG,MINAS GERAIS,7,43333,MÁRIO HENRIQUE CAIXA,43,PV
2026,1,MG,MG,MINAS GERAIS,7,44444,ARNALDO,44,UNIÃO
2026,1,MG,MG,MINAS GERAIS,7,45999,LEONÍDIO BOUÇAS,45,PSDB
2026,1,MG,MG,MINAS GERAIS,7,50111,JUHLIA SANTOS,50,PSOL
2026,1,MG,MG,MINAS GERAIS,7,55000,GUSTAVO VALADARES,55,PSD
2026,1,MG,MG,MINAS GERAIS,7,55555,DELEGADO CHRISTIANO XAVIER,55,PSD
2026,1,MG,MG,MINAS GERAIS,7,70888,FABRICIO ANDRADE,70,AVANTE
